folder,file,ptm,gene,other
PTM001-500,PTM014,PTM14,psbar2,P1409319
PTM001-500,PTM024,PTM24,psbar2,P1409319
PTM001-500,PTM037,PTM37,psbaf,P1409947
PTM001-500,PTM037,PTM37,psbar2,P1409319
PTM001-500,PTM069,PTM69,psbar2,P1409319
PTM001-500,PTM070,PTM70,psbaf,P1409947
PTM001-500,PTM070,PTM70,psbar2,P1409319
PTM001-500,PTM071,PTM71,psbar2,P1409319
PTM001-500,PTM080,PTM80,psbar2,P1409319
PTM001-500,PTM086,PTM86,psbar2,P1409319
PTM001-500,PTM088,PTM88,psbaf,P1409947
PTM001-500,PTM088,PTM88,psbar2,P1409319
PTM001-500,PTM093,PTM93,psbaf,P1409947
PTM001-500,PTM093,PTM93,psbar2,P1409319
PTM001-500,PTM095,PTM95,psbaf,P1409947
PTM001-500,PTM095,PTM95,psbar2,P1409319
PTM001-500,PTM105,PTM105,psbaf,P1409947
PTM001-500,PTM105,PTM105,psbar2,P1409319
PTM001-500,PTM109,PTM109,psbar2,P1409319
PTM001-500,PTM123,PTM123,g0,P1511749
PTM001-500,PTM123,PTM123,g04,P1511749
PTM001-500,PTM123,PTM123,g04,P1511755
PTM001-500,PTM123,PTM123,g07,P1511749
PTM001-500,PTM123,PTM123,g4,P1511749
PTM001-500,PTM123,PTM123,g4,P1511755
PTM001-500,PTM123,PTM123,gwsfn,P1511749
PTM001-500,PTM123,PTM123,gwsfn,P1511755
PTM001-500,PTM123,PTM123,gwsrx,P1511749
PTM001-500,PTM13,CO1/13-GWSFn,gwsfn,NA
PTM001-500,PTM141,PTM141,psbaf,P1409947
PTM001-500,PTM141,PTM141,psbaf,P1409970
PTM001-500,PTM141,PTM141,psbar2,P1409319
PTM001-500,PTM149,PTM149,psbar2,P1409319
PTM001-500,PTM154,PTM154,psbaf,P1409795
PTM001-500,PTM159,PTM159,gwsfn,P1409947
PTM001-500,PTM159,PTM159,psbaf,P1409947
PTM001-500,PTM159,PTM159,psbar2,P1409319
PTM001-500,PTM160,PTM160,psbaf,P1409947
PTM001-500,PTM160,PTM160,psbar2,P1409319
PTM001-500,PTM165,PTM165,gwsfn,P1409947
PTM001-500,PTM165,PTM165,psbaf,P1409947
PTM001-500,PTM165,PTM165,psbar2,P1409319
PTM001-500,PTM182,PTM182,psbaf,P1409947
PTM001-500,PTM182,PTM182,psbar2,P1409319
PTM001-500,PTM188,CO1/PTM188,m3f1,NA
PTM001-500,PTM188,CO1/PTM188,m3r1,NA
PTM001-500,PTM197,PTM197,psbaf,P1409947
PTM001-500,PTM197,PTM197,psbar2,P1409319
PTM001-500,PTM198,COI/failed run/PTM198,lf3,P1308312
PTM001-500,PTM198,COI/failed run/PTM198,rx,P1308312
PTM001-500,PTM198,PTM198,gwsfn,P1308415
PTM001-500,PTM199,COI/failed run/PTM199,lf3,P1308312
PTM001-500,PTM199,COI/failed run/PTM199,rx,P1308312
PTM001-500,PTM199,COI/PTM199,gwsfn,P1308415
PTM001-500,PTM199,PTM199,psbaf,P1409947
PTM001-500,PTM199,PTM199,psbar2,P1409319
PTM001-500,PTM202,COi/failed run/PTM202,lf3,P1308312
PTM001-500,PTM202,COi/failed run/PTM202,rx,P1308312
PTM001-500,PTM202,PTM202,gwsfn,P1308415
PTM001-500,PTM203,PTM203,gwsfn,P1308415
PTM001-500,PTM204,COI/failed run/PTM204,lf3,P1308312
PTM001-500,PTM204,COI/failed run/PTM204,rx,P1308312
PTM001-500,PTM204,COI/PTM204,gwsfn,P1308415
PTM001-500,PTM205,COI/failed run/PTM205,lf3,P1308312
PTM001-500,PTM205,COI/failed run/PTM205,rx,P1308312
PTM001-500,PTM205,PTM205,gwsfn,P1308415
PTM001-500,PTM206,PTM206,psbar2,P1409319
PTM001-500,PTM207,rbcL/207a-F57,f57,NA
PTM001-500,PTM207,rbcL/207a-F57,rrbcsst,NA
PTM001-500,PTM207,rbcL/207b-F57,rrbcsst,NA
PTM001-500,PTM208,RbcL/208-F753,rrbcsst,NA
PTM001-500,PTM209,RbcL/209-F753,rrbcsst,NA
PTM001-500,PTM210,RbcL/210-F57,f57,NA
PTM001-500,PTM211,RbcL/211-F753,rrbcsst,NA
PTM001-500,PTM212,RbcL/212-F57,f57,NA
PTM001-500,PTM212,RbcL/212-F57,rbclrevnew,NA
PTM001-500,PTM212,RbcL/212-F57,tlf5,NA
PTM001-500,PTM212,RbcL/212-F57,tlr1,NA
PTM001-500,PTM213,RbcL/213-F753,rrbcsst,NA
PTM001-500,PTM229,RbcL/329-F753,rrbcsst,NA
PTM001-500,PTM305,PTM305/305-F57,f57,NA
PTM001-500,PTM306,PTM306/306-F753,rrbcsst,NA
PTM001-500,PTM307,PTM307/307-F57,f57,NA
PTM001-500,PTM308,RbcL/308-F57,f57,NA
PTM001-500,PTM308,RbcL/308-F57,rbclrevnew,NA
PTM001-500,PTM308,RbcL/308-F57,tlf5,NA
PTM001-500,PTM308,RbcL/308-F57,tlr1,NA
PTM001-500,PTM309,RbcL/309-F57,f57,NA
PTM001-500,PTM309,RbcL/309-F57,rbclrevnew,NA
PTM001-500,PTM309,RbcL/309-F57,tlf5,NA
PTM001-500,PTM309,RbcL/309-F57,tlr1,NA
PTM001-500,PTM310,PTM310/310-F57,f57,NA
PTM001-500,PTM311,PTM311/311-F753,rrbcsst,NA
PTM001-500,PTM313,PTM313/313-F753,rrbcsst,NA
PTM001-500,PTM314,PTM314,psbar2,P1409319
PTM001-500,PTM314,RbcL/314-F57,f57,NA
PTM001-500,PTM314,RbcL/314-F57,rbclrevnew,NA
PTM001-500,PTM314,RbcL/314-F57,tlf5,NA
PTM001-500,PTM314,RbcL/314-F57,tlr1,NA
PTM001-500,PTM315,RbcL/315-F57,f57,NA
PTM001-500,PTM315,RbcL/315-F57,rbclrevnew,NA
PTM001-500,PTM315,RbcL/315-F57,tlf5,NA
PTM001-500,PTM315,RbcL/315-F57,tlr1,NA
PTM001-500,PTM316,RbcL/316-F57,f57,NA
PTM001-500,PTM317,RbcL/317-F57,f57,NA
PTM001-500,PTM318,RbcL/318-F57,f57,NA
PTM001-500,PTM319,RbcL/319-F57,f57,NA
PTM001-500,PTM320,RbcL/320-F753,rrbcsst,NA
PTM001-500,PTM321,RbcL/321-F57,f57,NA
PTM001-500,PTM321,RbcL/321-F57,rbclrevnew,NA
PTM001-500,PTM321,RbcL/321-F57,tlf5,NA
PTM001-500,PTM321,RbcL/321-F57,tlr1,NA
PTM001-500,PTM322,RbcL/322-F57,f57,NA
PTM001-500,PTM323,RbcL/323-F753,rrbcsst,NA
PTM001-500,PTM324,RbcL/324-F57,f57,NA
PTM001-500,PTM325,RbcL/325-F57,f57,NA
PTM001-500,PTM326,RbcL/326-F753,rrbcsst,NA
PTM001-500,PTM327,PTM327,,GWSRx
PTM001-500,PTM327,PTM327,f57,P1410467
PTM001-500,PTM327,PTM327,gwsfn,P1410467
PTM001-500,PTM327,PTM327,psbaf,P1410467
PTM001-500,PTM327,PTM327,psbar2,P1410467
PTM001-500,PTM327,PTM327,rbclrevnew,P1410467
PTM001-500,PTM327,PTM327,tlf5,P1410467
PTM001-500,PTM327,PTM327,tlr,P1410467
PTM001-500,PTM327,RbcL/327-F753,rrbcsst,NA
PTM001-500,PTM328,RbcL/328-F753,rrbcsst,NA
PTM001-500,PTM330,RbcL/330-F753,rrbcsst,NA
PTM001-500,PTM331,RbcL/331-F57,f57,NA
PTM001-500,PTM332,RbcL/332-F57,f57,NA
PTM001-500,PTM332,RbcL/332-F753,rrbcsst,NA
PTM001-500,PTM333,RbcL/333-F57,f57,NA
PTM001-500,PTM334,RbcL/334-F753,rrbcsst,NA
PTM001-500,PTM335,RbcL/335-F57,f57,NA
PTM001-500,PTM336,RbcL/336-F57,f57,NA
PTM001-500,PTM337,RbcL/337-F57,f57,NA
PTM001-500,PTM339,PTM339,psbar2,P1409319
PTM001-500,PTM339,RbcL/339-F753,rrbcsst,NA
PTM001-500,PTM340,PTM340,psbar2,P1409319
PTM001-500,PTM345,RbcL/345-F753,rrbcsst,NA
PTM001-500,PTM350,PTM350,psbar2,P1409319
PTM001-500,PTM351,PTM351,psbaf,P1409947
PTM001-500,PTM351,PTM351,psbar2,P1409319
PTM001-500,PTM355,RbcL/355-F57,f57,NA
PTM001-500,PTM355,RbcL/355-F57,rbclrevnew,NA
PTM001-500,PTM355,RbcL/355-F57,tlf5,NA
PTM001-500,PTM355,RbcL/355-F57,tlr1,NA
PTM001-500,PTM356,RbcL/356-F753,rrbcsst,NA
PTM001-500,PTM357,RbcL/357-F753,rrbcsst,NA
PTM001-500,PTM358,RbcL/358-F57,f57,NA
PTM001-500,PTM358,RbcL/358-F57,rbclrevnew,NA
PTM001-500,PTM358,RbcL/358-F57,tlf5,NA
PTM001-500,PTM358,RbcL/358-F57,tlr1,NA
PTM001-500,PTM358,RbcL/358-F753,rrbcsst,NA
PTM001-500,PTM359,RbcL/359-F57,f57,NA
PTM001-500,PTM359,RbcL/359-F57,rbclrevnew,NA
PTM001-500,PTM359,RbcL/359-F57,tlf5,NA
PTM001-500,PTM359,RbcL/359-F57,tlr1,NA
PTM001-500,PTM359,RbcL/359-F753,rrbcsst,NA
PTM001-500,PTM360,RbcL/360-F57,f57,NA
PTM001-500,PTM360,RbcL/360-F57,rbclrevnew,NA
PTM001-500,PTM360,RbcL/360-F57,tlf5,NA
PTM001-500,PTM360,RbcL/360-F57,tlr1,NA
PTM001-500,PTM361,RbcL/361-F57,f57,NA
PTM001-500,PTM362,RbcL/362-F753,rrbcsst,NA
PTM001-500,PTM363,PTM363,gwsfn,P1410467
PTM001-500,PTM363,PTM363,gwsrx,P1410467
PTM001-500,PTM363,RbcL/363-F57,f57,NA
PTM001-500,PTM363,RbcL/363-F753,rrbcsst,NA
PTM001-500,PTM364,PTM364,f57,P1410467
PTM001-500,PTM364,PTM364,gwsfn,P1410467
PTM001-500,PTM364,PTM364,gwsrx,P1410467
PTM001-500,PTM364,PTM364,psbaf,P1410467
PTM001-500,PTM364,PTM364,psbar2,P1410467
PTM001-500,PTM364,PTM364,rbclrevnew,P1410467
PTM001-500,PTM364,PTM364,tlf5,P1410467
PTM001-500,PTM364,PTM364,tlr,P1410467
PTM001-500,PTM364,RbcL/364-F753,rrbcsst,NA
PTM001-500,PTM365,RbcL/365-F753,rrbcsst,NA
PTM001-500,PTM366,RbcL/366-F753,rrbcsst,NA
PTM001-500,PTM366,RbcL/366-R1150K,r150k1,NA
PTM001-500,PTM367,CO1/367-GWSFn,gwsfn,NA
PTM001-500,PTM368,CO1/368-GWSFn,gwsfn,NA
PTM001-500,PTM368,CO1/368-GWSFn,gwsrx,NA
PTM001-500,PTM369,CO1/369-GWSFn,gwsfn,NA
PTM001-500,PTM369,CO1/369-GWSFn,gwsrx,NA
PTM001-500,PTM370,CO1/370-GWSFn,gwsfn,NA
PTM001-500,PTM370,CO1/370-GWSFn,gwsrx,NA
PTM001-500,PTM371,PTM371,psbar2,P1409319
PTM001-500,PTM372,CO1/372-GWSFn,gwsfn,NA
PTM001-500,PTM372,CO1/372-GWSFn,gwsrx,NA
PTM001-500,PTM373,CO1/373-GWSFn,gwsfn,NA
PTM001-500,PTM373,CO1/373-GWSFn,gwsrx,NA
PTM001-500,PTM374,CO1/374-GWSFn,gwsfn,NA
PTM001-500,PTM374,CO1/374-GWSFn,gwsrx,NA
PTM001-500,PTM375,CO1/375-GWSFn,gwsfn,NA
PTM001-500,PTM375,CO1/375-GWSFn,gwsrx,NA
PTM001-500,PTM376,CO1/376-GWSFn,gwsfn,NA
PTM001-500,PTM376,CO1/376-GWSFn,gwsrx,NA
PTM001-500,PTM377,CO1/377-GWSFn,gwsfn,NA
PTM001-500,PTM377,CO1/377-GWSFn,gwsrx,NA
PTM001-500,PTM378,CO1/378-GWSFn,gwsfn,NA
PTM001-500,PTM378,CO1/378-GWSFn,gwsrx,NA
PTM001-500,PTM379,CO1/379-GWSFn,gwsfn,NA
PTM001-500,PTM379,CO1/379-GWSFn,gwsrx,NA
PTM001-500,PTM380,CO1/380-GWSFn,gwsfn,NA
PTM001-500,PTM380,CO1/380-GWSFn,gwsrx,NA
PTM001-500,PTM381,CO1/381-GWSFn,gwsfn,NA
PTM001-500,PTM381,CO1/381-GWSFn,gwsrx,NA
PTM001-500,PTM382,CO1/382-GWSFn,gwsfn,NA
PTM001-500,PTM382,CO1/382-GWSFn,gwsrx,NA
PTM001-500,PTM383,CO1/383-GWSFn,gwsfn,NA
PTM001-500,PTM383,CO1/383-GWSFn,gwsrx,NA
PTM001-500,PTM384,CO1/384-GWSFn,gwsfn,NA
PTM001-500,PTM384,CO1/384-GWSFn,gwsrx,NA
PTM001-500,PTM385,CO1/385-GWSFn,gwsfn,NA
PTM001-500,PTM385,CO1/385-GWSFn,gwsrx,NA
PTM001-500,PTM386,CO1/386-GWSFn,gwsfn,NA
PTM001-500,PTM386,CO1/386-GWSFn,gwsrx,NA
PTM001-500,PTM386,PTM386,psbaf,P1511398
PTM001-500,PTM386,PTM386,psbaf,P1511448
PTM001-500,PTM386,PTM386,psbar2,P1511398
PTM001-500,PTM386,PTM386,psbar2,P1511409
PTM001-500,PTM386,PTM386,psbar2,P1511448
PTM001-500,PTM386,PTM386,rbclrevnew,P1511398
PTM001-500,PTM386,PTM386,tlf5,P1511398
PTM001-500,PTM386,PTM386,tlr,P1511391
PTM001-500,PTM387,PTM387,f57,P1410467
PTM001-500,PTM387,PTM387,gwsfn,P1409947
PTM001-500,PTM387,PTM387,gwsfn,P1410467
PTM001-500,PTM387,PTM387,gwsrx,P1410467
PTM001-500,PTM387,PTM387,psbaf,P1409947
PTM001-500,PTM387,PTM387,psbar2,P1409319
PTM001-500,PTM387,PTM387,rbclrevnew,P1410467
PTM001-500,PTM387,PTM387,tlf5,P1410467
PTM001-500,PTM387,PTM387,tlr,P1410467
PTM001-500,PTM388,PTM388,f57,P1410595
PTM001-500,PTM388,PTM388,gwsfn,P1409947
PTM001-500,PTM388,PTM388,gwsfn,P1410467
PTM001-500,PTM388,PTM388,gwsrx,P1410467
PTM001-500,PTM388,PTM388,psbaf,P1409947
PTM001-500,PTM388,PTM388,psbar2,P1409319
PTM001-500,PTM388,PTM388,rbclrevnew,P1410595
PTM001-500,PTM388,PTM388,tlf5,P1410595
PTM001-500,PTM388,PTM388,tlr,P1410595
PTM001-500,PTM403,PTM403,psbaf,P1308580
PTM001-500,PTM404,COI/PTM404,lf3,P1308312
PTM001-500,PTM404,COI/PTM404,rx,P1308312
PTM001-500,PTM408,PTM408,m3f,P1410660
PTM001-500,PTM409,PTM409,m3f,P1410660
PTM001-500,PTM411,COI/PTM411,lf3,P1308312
PTM001-500,PTM411,COI/PTM411,rx,P1308312
PTM001-500,PTM411,psbA/PTM411,psbaf,P1308580
PTM001-500,PTM411,psbA/PTM411,psbar2,P1308800
PTM001-500,PTM412,COI/PTM412,lf3,P1308312
PTM001-500,PTM412,COI/PTM412,rx,P1308312
PTM001-500,PTM412,psbA/PTM412,psbaf,P1308580
PTM001-500,PTM413,PTM413,lf3,P1308312
PTM001-500,PTM413,PTM413,rx,P1308312
PTM001-500,PTM415,COI/PTM415,lf3,P1308312
PTM001-500,PTM415,COI/PTM415,rx,P1308312
PTM001-500,PTM415,psbA/PTM415,psbaf,P1308580
PTM001-500,PTM415,psbA/PTM415,psbar2,P1308800
PTM001-500,PTM416,COI/PTM416,lf3,P1308312
PTM001-500,PTM416,COI/PTM416,rx,P1308312
PTM001-500,PTM416,psbA/PTM416,psbaf,P1308580
PTM001-500,PTM416,psbA/PTM416,psbar2,P1308800
PTM001-500,PTM417,PTM417,gwsfn,P1308580
PTM001-500,PTM418,PTM418,m3f,P1410660
PTM001-500,PTM419,COI/PTM419,lf3,P1308312
PTM001-500,PTM419,COI/PTM419,rx,P1308312
PTM001-500,PTM419,psbA/PTM419,psbaf,P1308580
PTM001-500,PTM420,PTM420,lf3,P1308312
PTM001-500,PTM420,PTM420,rx,P1308312
PTM001-500,PTM422,PTM422,m3f,P1410660
PTM001-500,PTM422,PTM422,m3f,P1410690
PTM001-500,PTM422,PTM442,f57,P1410595
PTM001-500,PTM422,PTM442,gwsfn,P1410587
PTM001-500,PTM422,PTM442,gwsfn,P1410595
PTM001-500,PTM422,PTM442,gwsrx,P1410595
PTM001-500,PTM422,PTM442,rbclrevnew,P1410595
PTM001-500,PTM422,PTM442,tlf5,P1410595
PTM001-500,PTM422,PTM442,tlr,P1410595
PTM001-500,PTM423,COI/PTM423,lf3,P1308312
PTM001-500,PTM423,COI/PTM423,rx,P1308312
PTM001-500,PTM423,psbA/PTM423,psbaf,P1308580
PTM001-500,PTM423,PTM423,f57,P1410467
PTM001-500,PTM423,PTM423,gwsfn,P1410467
PTM001-500,PTM423,PTM423,gwsrx,P1410467
PTM001-500,PTM423,PTM423,psbaf,P1410467
PTM001-500,PTM423,PTM423,psbar2,P1410467
PTM001-500,PTM423,PTM423,rbclrevnew,P1410467
PTM001-500,PTM423,PTM423,tlf5,P1410467
PTM001-500,PTM423,PTM423,tlr,P1410467
PTM001-500,PTM424,PTM424,m3f,P1410660
PTM001-500,PTM425,PTM425,m3f,P1410660
PTM001-500,PTM426,PTM426,m3f,P1410660
PTM001-500,PTM427,PTM427,gwsfn,P1511749
PTM001-500,PTM427,PTM427,gwsfn,P1511755
PTM001-500,PTM428,PTM428,m3f,P1410660
PTM001-500,PTM430,PTM430,f57,P1511448
PTM001-500,PTM430,PTM430,m3f,P1511749
PTM001-500,PTM430,PTM430,m3f,P1511755
PTM001-500,PTM430,PTM430,rbclrevnew,P1511448
PTM001-500,PTM430,PTM430,rbclrevnew,P1511469
PTM001-500,PTM430,PTM430,tlf5,P1511448
PTM001-500,PTM430,PTM430,tlr,P1511448
PTM001-500,PTM432,PTM432,gazf2,P1511448
PTM001-500,PTM433,PTM433,f57,P1511448
PTM001-500,PTM433,PTM433,m3f,P1511617
PTM001-500,PTM433,PTM433,m3f,P1511617
PTM001-500,PTM433,PTM433,rbclrevnew,P1511448
PTM001-500,PTM433,PTM433,rbclrevnew,P1511456
PTM001-500,PTM433,PTM433,tlf5,P1511448
PTM001-500,PTM433,PTM433,tlr,P1511448
PTM001-500,PTM433,PTM433,tlr,P1511456
PTM001-500,PTM435,PTM435,m3f,P1511448
PTM001-500,PTM435,PTM435,m3f,P1511456
PTM001-500,PTM437,PTM437,m3f,P1511448
PTM001-500,PTM440,PTM440,m3f,P1511448
PTM001-500,PTM442,PTM442,f57,P1410595
PTM001-500,PTM442,PTM442,gwsfn,P1410595
PTM001-500,PTM442,PTM442,gwsrx,P1410595
PTM001-500,PTM442,PTM442,psbaf,P1308580
PTM001-500,PTM442,PTM442,psbar2,P1308800
PTM001-500,PTM442,PTM442,rbclrevnew,P1410595
PTM001-500,PTM442,PTM442,tlf5,P1410595
PTM001-500,PTM442,PTM442,tlr,P1410595
PTM001-500,PTM443,PTM443,m3f,P1511448
PTM001-500,PTM444,PTM444,psbaf,P1308676
PTM001-500,PTM444,PTM444,psbaf,P1308701
PTM001-500,PTM445,PTM445,psbaf,P1308580
PTM001-500,PTM445,PTM445,psbaf,P1308598
PTM001-500,PTM445,PTM445,psbar2,P1308800
PTM001-500,PTM449,COI/PTM449,lf3,P1308312
PTM001-500,PTM449,COI/PTM449,rx,P1308312
PTM001-500,PTM449,psbA/PTM449,psbaf,P1308580
PTM001-500,PTM450,COI/PTM450,lf3,P1308312
PTM001-500,PTM450,COI/PTM450,rx,P1308312
PTM001-500,PTM450,psbA/PTM450,psbaf,P1308580
PTM001-500,PTM450,psbA/PTM450,psbar2,P1308800
PTM001-500,PTM451,PTM451,m3f,P1511749
PTM001-500,PTM451,PTM451,m3f,P1511755
PTM001-500,PTM453,PTM453,lf3,P1308312
PTM001-500,PTM453,PTM453,rx,P1308312
PTM001-500,PTM454,PTM454,m3f,P1511448
PTM001-500,PTM455,COI/PTM455,lf3,P1308312
PTM001-500,PTM455,COI/PTM455,rx,P1308312
PTM001-500,PTM455,psbA/PTM455,psbaf,P1308580
PTM001-500,PTM456,PTM456,m3f,P1511448
PTM001-500,PTM456,PTM456,m3f,P1511456
PTM001-500,PTM457,PTM457,m3f,P1511613
PTM001-500,PTM457,PTM457,m3f,P1511617
PTM001-500,PTM457,PTM457,m3f,P1511617
PTM001-500,PTM458,PTM458,f57,P1511448
PTM001-500,PTM458,PTM458,m3f,P1511617
PTM001-500,PTM458,PTM458,m3f,P1511617
PTM001-500,PTM458,PTM458,rbclrevnew,P1511448
PTM001-500,PTM458,PTM458,rbclrevnew,P1511469
PTM001-500,PTM458,PTM458,tlf5,P1511448
PTM001-500,PTM458,PTM458,tlr,P1511448
PTM001-500,PTM459,PTM459,gazf2,P1511448
PTM001-500,PTM460,PTM460 (1)/PTM460,f57,P1511617
PTM001-500,PTM460,PTM460 (1)/PTM460,f57,P1511617
PTM001-500,PTM460,PTM460 (1)/PTM460,tlf5,P1511617
PTM001-500,PTM460,PTM460 (1)/PTM460,tlf5,P1511617
PTM001-500,PTM460,PTM460,m3f,P1511749
PTM001-500,PTM461,PTM461,m3f,P1511448
PTM001-500,PTM462,PTM462,m3f,P1511448
PTM001-500,PTM463,PTM463,gazf2,P1511749
PTM001-500,PTM464,PTM464,m3f,P1511544
PTM001-500,PTM465,PTM465,m3f,P1511749
PTM001-500,PTM466,PTM466,m3f,P1511448
PTM001-500,PTM468,PTM468,m3f,P1511448
PTM001-500,PTM469,PTM469,m3f,P1511448
PTM001-500,PTM470,PTM470,psbaf,P1308676
PTM001-500,PTM470,PTM470,psbaf,P1308676
PTM001-500,PTM471,PTM471,m3f,P1511448
PTM001-500,PTM472,PTM472,m3f,P1511749
PTM001-500,PTM473,PTM473,psbaf,P1308676
PTM001-500,PTM473,PTM473,psbaf,P1308800
PTM001-500,PTM473,PTM473,psbaf,P1308835
PTM001-500,PTM474,PTM474,m3f,P1511544
PTM001-500,PTM475,PTM475,m3f,P1511544
PTM001-500,PTM477,PTM477,m3f,P1511544
PTM001-500,PTM478,PTM478,m3f,P1511544
PTM001-500,PTM478,PTM478,m3f,P1511544
PTM001-500,PTM479,PTM479,gazf2,P1511749
PTM001-500,PTM479,PTM479,gazf2,P1511755
PTM001-500,PTM480,PTM480,m3f,P1511544
PTM001-500,PTM481,PTM481,m3f,P1511544
PTM001-500,PTM482,PTM482,m3f,P1511544
PTM001-500,PTM483,PTM483,m3f,P1511544
PTM001-500,PTM485,PTM485,m3f,P1511544
PTM001-500,PTM486,PTM486,psbaf,P1308676
PTM001-500,PTM486,PTM486,psbar2,P1308800
PTM001-500,PTM487,PTM487,psbaf,P1308676
PTM001-500,PTM488,PTM488,psbaf,P1308676
PTM001-500,PTM488,PTM488,psbar2,P1308800
PTM001-500,PTM489,PTM489,psbaf,P1308676
PTM001-500,PTM489,PTM489,psbar2,P1308800
PTM001-500,PTM490,PTM490,m3f,P1511544
PTM001-500,PTM491,PTM491,tufgf4,P1511749
PTM001-500,PTM492,PTM492,m3f,P1511544
PTM001-500,PTM493,PTM475,f57,P1512217
PTM001-500,PTM493,PTM475,rbclrevnew,P1512217
PTM001-500,PTM493,PTM475,tlf5,P1512217
PTM001-500,PTM493,PTM475,tlr,P1512217
PTM001-500,PTM493,PTM493,m3f,P1511749
PTM001-500,PTM493,PTM493,m3f,P1511755
PTM001-500,PTM493,PTM500,f57,P1512217
PTM001-500,PTM493,PTM500,m3f,P1512217
PTM001-500,PTM493,PTM500,m3r,P1512217
PTM001-500,PTM493,PTM500,rbclrevnew,P1512217
PTM001-500,PTM493,PTM500,tlf5,P1512217
PTM001-500,PTM493,PTM500,tlr,P1512217
PTM001-500,PTM495,PTM495,psbaf,P1308676
PTM001-500,PTM495,PTM495,psbar2,P1308800
PTM001-500,PTM496,PTM496,gazf2,P1511749
PTM001-500,PTM497,PTM497,m3f,P1511544
PTM001-500,PTM498,PTM498,m3f,P1511544
PTM001-500,PTM499,PTM499,m3f,P1511544
PTM001-500,PTM500,PTM500,m3f,P1511544
PTM1001-1500,PTM1002,PTM1002,psbaf,P1511266
PTM1001-1500,PTM1003,PTM1003,psbaf,P1511266
PTM1001-1500,PTM1004,PTM1004,psbaf,P1511266
PTM1001-1500,PTM1005,PTM1005,psbaf,P1511398
PTM1001-1500,PTM1006,PTM1006,psbaf,P1511398
PTM1001-1500,PTM1008,PTM1008,f57,P1511451
PTM1001-1500,PTM1008,PTM1008,f57,P1511451
PTM1001-1500,PTM1008,PTM1008,psbaf,P1511398
PTM1001-1500,PTM1008,PTM1008,psbar2,P1511448
PTM1001-1500,PTM1008,PTM1008,rbclrevnew,P1511451
PTM1001-1500,PTM1008,PTM1008,rbclrevnew,P1511451
PTM1001-1500,PTM1008,PTM1008,tlf5,P1511448
PTM1001-1500,PTM1008,PTM1008,tlr,P1511451
PTM1001-1500,PTM1008,PTM1008,tlr,P1511451
PTM1001-1500,PTM1009,PTM1009,psbaf,P1511398
PTM1001-1500,PTM1010,PTM1010,psbaf,P1511398
PTM1001-1500,PTM1011,PTM1011,f57,P1511451
PTM1001-1500,PTM1011,PTM1011,f57,P1511451
PTM1001-1500,PTM1011,PTM1011,gwsfn,P1511451
PTM1001-1500,PTM1011,PTM1011,gwsfn,P1511451
PTM1001-1500,PTM1011,PTM1011,gwsrx,P1511451
PTM1001-1500,PTM1011,PTM1011,gwsrx,P1511451
PTM1001-1500,PTM1011,PTM1011,psbaf,P1511398
PTM1001-1500,PTM1011,PTM1011,psbar2,P1511448
PTM1001-1500,PTM1011,PTM1011,rbclrevnew,P1511451
PTM1001-1500,PTM1011,PTM1011,rbclrevnew,P1511451
PTM1001-1500,PTM1011,PTM1011,tlf5,P1511448
PTM1001-1500,PTM1011,PTM1011,tlr,P1511451
PTM1001-1500,PTM1011,PTM1011,tlr,P1511451
PTM1001-1500,PTM1012,PTM1012,psbaf,P1511398
PTM1001-1500,PTM1015,PTM1015,gwsfn,P1410379
PTM1001-1500,PTM1015,PTM1015,gwsrx,P1410379
PTM1001-1500,PTM1015,PTM1015,psbaf,P1410302
PTM1001-1500,PTM1015,PTM1015,psbar2,P1410379
PTM1001-1500,PTM1017 (1),PTM1017,gwsfn,P1511749
PTM1001-1500,PTM1017 (1),PTM1017,gwsrx,P1511749
PTM1001-1500,PTM1017,PTM1017,gwsfn,P1410379
PTM1001-1500,PTM1017,PTM1017,gwsrx,P1410379
PTM1001-1500,PTM1017,PTM1017,psbaf,P1410302
PTM1001-1500,PTM1017,PTM1017,psbar2,P1410379
PTM1001-1500,PTM1018 (1),PTM1018,gwsfn,P1511749
PTM1001-1500,PTM1018 (1),PTM1018,gwsrx,P1511749
PTM1001-1500,PTM1018,PTM1018,gwsfn,P1410379
PTM1001-1500,PTM1018,PTM1018,gwsrx,P1410379
PTM1001-1500,PTM1018,PTM1018,psbaf,P1410302
PTM1001-1500,PTM1018,PTM1018,psbar2,P1410379
PTM1001-1500,PTM1019,GWS1019,gwsfn,P1410379
PTM1001-1500,PTM1019,GWS1019,gwsrx,P1410379
PTM1001-1500,PTM1019,PTM1019,psbaf,P1410302
PTM1001-1500,PTM1019,PTM1019,psbar2,P1410379
PTM1001-1500,PTM1020,GWS1020,gwsfn,P1410379
PTM1001-1500,PTM1020,GWS1020,gwsrx,P1410379
PTM1001-1500,PTM1020,PTM1020,psbaf,P1410302
PTM1001-1500,PTM1020,PTM1020,psbar2,P1410379
PTM1001-1500,PTM1021,PTM1021,psbaf,P1410302
PTM1001-1500,PTM1021,PTM1021,psbar2,P1410379
PTM1001-1500,PTM1022,PTM1022,psbaf,P1410302
PTM1001-1500,PTM1023,PTM1023,psbaf,P1410302
PTM1001-1500,PTM1024,PTM1024,psbaf,P1410302
PTM1001-1500,PTM1024,PTM1024,psbar2,P1410379
PTM1001-1500,PTM1025,PTM1025,psbaf,P1410302
PTM1001-1500,PTM1025,PTM1025,psbar2,P1410379
PTM1001-1500,PTM1027,PTM1027,psbaf,P1410302
PTM1001-1500,PTM1027,PTM1027,psbar2,P1410379
PTM1001-1500,PTM1030,PTM1030,psbaf,P1511398
PTM1001-1500,PTM1031,PTM1031,psbaf,P1511398
PTM1001-1500,PTM1032,PTM1032,psbaf,P1510813
PTM1001-1500,PTM1033,PTM1033,psbaf,P1510813
PTM1001-1500,PTM1035,PTM1035,psbaf,P1510813
PTM1001-1500,PTM1036,PTM1036,psbaf,P1510813
PTM1001-1500,PTM1037,PTM1037,psbaf,P1510813
PTM1001-1500,PTM1038,PTM1038,f57,P1511398
PTM1001-1500,PTM1038,PTM1038,gwsfn,P1511398
PTM1001-1500,PTM1038,PTM1038,gwsfn,P1511451
PTM1001-1500,PTM1038,PTM1038,gwsfn,P1511451
PTM1001-1500,PTM1038,PTM1038,gwsrx,P1511451
PTM1001-1500,PTM1038,PTM1038,gwsrx,P1511451
PTM1001-1500,PTM1038,PTM1038,psbar2,P1511398
PTM1001-1500,PTM1038,PTM1038,rbclrevnew,P1511391
PTM1001-1500,PTM1038,PTM1038,tlf5,P1511398
PTM1001-1500,PTM1038,PTM1038,tlr,P1511391
PTM1001-1500,PTM1039,PTM1039,psbaf,P1510813
PTM1001-1500,PTM1040,PTM1040,psbaf,P1510813
PTM1001-1500,PTM1041,PTM1041,psbaf,P1510813
PTM1001-1500,PTM1042,PTM1042,psbaf,P1510813
PTM1001-1500,PTM1043,PTM1043,psbaf,P1510813
PTM1001-1500,PTM1044,PTM1044,psbaf,P1511398
PTM1001-1500,PTM1044,PTM1044,psbaf,P1511409
PTM1001-1500,PTM1045,PTM1045,psbaf,P1511398
PTM1001-1500,PTM1045,PTM1045,psbaf,P1511409
PTM1001-1500,PTM1046,PTM1046,psbaf,P1511398
PTM1001-1500,PTM1047,PTM1047,psbaf,P1510813
PTM1001-1500,PTM1048,PTM1048,psbaf,P1510813
PTM1001-1500,PTM1049,PTM1049,f57,P1511398
PTM1001-1500,PTM1049,PTM1049,gwsfn,P1511398
PTM1001-1500,PTM1049,PTM1049,gwsfn,P1511451
PTM1001-1500,PTM1049,PTM1049,gwsfn,P1511451
PTM1001-1500,PTM1049,PTM1049,gwsfn,P1511460
PTM1001-1500,PTM1049,PTM1049,gwsrx,P1511451
PTM1001-1500,PTM1049,PTM1049,gwsrx,P1511451
PTM1001-1500,PTM1049,PTM1049,gwsrx,P1511460
PTM1001-1500,PTM1049,PTM1049,psbaf,P1510813
PTM1001-1500,PTM1049,PTM1049,psbar2,P1511398
PTM1001-1500,PTM1049,PTM1049,rbclrevnew,P1511391
PTM1001-1500,PTM1049,PTM1049,rbclrevnew,P1511394
PTM1001-1500,PTM1049,PTM1049,tlf5,P1511398
PTM1001-1500,PTM1049,PTM1049,tlr,P1511391
PTM1001-1500,PTM1050,PTM1050,psbaf,P1510813
PTM1001-1500,PTM1051,PTM1051,psbaf,P1510813
PTM1001-1500,PTM1052,PTM1052,psbaf,P1510813
PTM1001-1500,PTM1053,PTM1053,psbaf,P1510813
PTM1001-1500,PTM1054,PTM1054,psbaf,P1510813
PTM1001-1500,PTM1055,PTM1055,psbaf,P1510813
PTM1001-1500,PTM1056,PTM1056,f57,P1511398
PTM1001-1500,PTM1056,PTM1056,gwsfn,P1511451
PTM1001-1500,PTM1056,PTM1056,gwsfn,P1511451
PTM1001-1500,PTM1056,PTM1056,gwsrx,P1511451
PTM1001-1500,PTM1056,PTM1056,gwsrx,P1511451
PTM1001-1500,PTM1056,PTM1056,psbaf,P1510813
PTM1001-1500,PTM1056,PTM1056,psbar2,P1511448
PTM1001-1500,PTM1056,PTM1056,rbclrevnew,P1511391
PTM1001-1500,PTM1056,PTM1056,tlf5,P1511398
PTM1001-1500,PTM1056,PTM1056,tlr,P1511391
PTM1001-1500,PTM1057,PTM1057,psbaf,P1510813
PTM1001-1500,PTM1058,PTM1058,psbaf,P1511398
PTM1001-1500,PTM1059 (1),PTM1059,g0,P1511622
PTM1001-1500,PTM1059 (1),PTM1059,g04,P1511622
PTM1001-1500,PTM1059 (1),PTM1059,g07,P1511617
PTM1001-1500,PTM1059 (1),PTM1059,g07,P1511617
PTM1001-1500,PTM1059 (1),PTM1059,g4,P1511622
PTM1001-1500,PTM1059,PTM1059,f57,P1511398
PTM1001-1500,PTM1059,PTM1059,gwsfn,P1511398
PTM1001-1500,PTM1059,PTM1059,gwsrx,P1511451
PTM1001-1500,PTM1059,PTM1059,gwsrx,P1511451
PTM1001-1500,PTM1059,PTM1059,psbaf,P1510813
PTM1001-1500,PTM1059,PTM1059,psbar2,P1511398
PTM1001-1500,PTM1059,PTM1059,rbclrevnew,P1511391
PTM1001-1500,PTM1059,PTM1059,tlf5,P1511398
PTM1001-1500,PTM1059,PTM1059,tlr,P1511391
PTM1001-1500,PTM1060,PTM1060,f57,P1511398
PTM1001-1500,PTM1060,PTM1060,gwsfn,P1511451
PTM1001-1500,PTM1060,PTM1060,gwsfn,P1511451
PTM1001-1500,PTM1060,PTM1060,gwsrx,P1511451
PTM1001-1500,PTM1060,PTM1060,gwsrx,P1511451
PTM1001-1500,PTM1060,PTM1060,psbaf,P1510813
PTM1001-1500,PTM1060,PTM1060,psbar2,P1511398
PTM1001-1500,PTM1060,PTM1060,rbclrevnew,P1511391
PTM1001-1500,PTM1060,PTM1060,tlf5,P1511398
PTM1001-1500,PTM1060,PTM1060,tlr,P1511391
PTM1001-1500,PTM1060,PTM1060,tlr,P1511451
PTM1001-1500,PTM1060,PTM1060,tlr,P1511451
PTM1001-1500,PTM1061,PTM1061,psbaf,P1510813
PTM1001-1500,PTM1062,PTM1062,psbaf,P1510813
PTM1001-1500,PTM1063,PTM1063,psbaf,P1510813
PTM1001-1500,PTM1064,PTM1064,psbaf,P1510813
PTM1001-1500,PTM1065,PTM1065,psbaf,P1510813
PTM1001-1500,PTM1066,PTM1066,psbaf,P1510813
PTM1001-1500,PTM1067,PTM1067,psbaf,P1510813
PTM1001-1500,PTM1068,PTM1068,psbaf,P1510813
PTM1001-1500,PTM1069,PTM1069,psbaf,P1510813
PTM1001-1500,PTM1070 (1),PTM1070,ef2l,P1511544
PTM1001-1500,PTM1070 (1),PTM1070,ef2l3,P1511544
PTM1001-1500,PTM1070 (1),PTM1070,ef2l4cor,P1511544
PTM1001-1500,PTM1070 (1),PTM1070,ef2r2,P1511544
PTM1001-1500,PTM1070 (1),PTM1070,ef2r2,P1511548
PTM1001-1500,PTM1070 (1),PTM1070,ef2r3new,P1511544
PTM1001-1500,PTM1070 (1),PTM1070,ef2r4cor,P1511544
PTM1001-1500,PTM1070,PTM1070,f57,P1511398
PTM1001-1500,PTM1070,PTM1070,gwsfn,P1511398
PTM1001-1500,PTM1070,PTM1070,gwsrx,P1511451
PTM1001-1500,PTM1070,PTM1070,gwsrx,P1511451
PTM1001-1500,PTM1070,PTM1070,psbaf,P1510813
PTM1001-1500,PTM1070,PTM1070,psbar2,P1511398
PTM1001-1500,PTM1070,PTM1070,rbclrevnew,P1511391
PTM1001-1500,PTM1070,PTM1070,tlf5,P1511398
PTM1001-1500,PTM1070,PTM1070,tlr,P1511391
PTM1001-1500,PTM1071,PTM1071,psbaf,P1510813
PTM1001-1500,PTM1072,PTM1072,psbaf,P1510813
PTM1001-1500,PTM1074,PTM1074,psbaf,P1510813
PTM1001-1500,PTM1075,PTM1075,psbaf,P1510813
PTM1001-1500,PTM1076,PTM1076,psbaf,P1510813
PTM1001-1500,PTM1077,PTM1077,psbaf,P1510813
PTM1001-1500,PTM1079,PTM1079,psbaf,P1510813
PTM1001-1500,PTM1080,PTM1080,psbaf,P1510813
PTM1001-1500,PTM1081,PTM1081,psbaf,P1510813
PTM1001-1500,PTM1083,PTM1083,psbaf,P1510813
PTM1001-1500,PTM1084,PTM1084,psbaf,P1511398
PTM1001-1500,PTM1085,PTM1085,psbaf,P1510813
PTM1001-1500,PTM1086,PTM1086,psbaf,P1510813
PTM1001-1500,PTM1087,PTM1087,psbaf,P1510813
PTM1001-1500,PTM1088,PTM1088,m3f,P1511617
PTM1001-1500,PTM1088,PTM1088,m3f,P1511617
PTM1001-1500,PTM1089,PTM1089,psbaf,P1510893
PTM1001-1500,PTM1090,PTM1090,psbaf,P1510893
PTM1001-1500,PTM1091,PTM1091,m3f,P1511613
PTM1001-1500,PTM1091,PTM1091,m3f,P1511617
PTM1001-1500,PTM1091,PTM1091,m3f,P1511617
PTM1001-1500,PTM1092,PTM1092,psbaf,P1510893
PTM1001-1500,PTM1093,PTM1093,gwsfn,P1511398
PTM1001-1500,PTM1093,PTM1093,psbaf,P1510893
PTM1001-1500,PTM1094,PTM1094,gwsfn,P1511398
PTM1001-1500,PTM1094,PTM1094,psbaf,P1510893
PTM1001-1500,PTM1095,PTM1095,gwsfn,P1511398
PTM1001-1500,PTM1095,PTM1095,psbaf,P1510893
PTM1001-1500,PTM1096 (1),PTM1096,ef2l,P1511544
PTM1001-1500,PTM1096 (1),PTM1096,ef2l3,P1511544
PTM1001-1500,PTM1096 (1),PTM1096,ef2l4cor,P1511544
PTM1001-1500,PTM1096 (1),PTM1096,ef2r2,P1511544
PTM1001-1500,PTM1096 (1),PTM1096,ef2r3new,P1511544
PTM1001-1500,PTM1096 (1),PTM1096,ef2r4cor,P1511544
PTM1001-1500,PTM1096,PTM1096,f57,P1511398
PTM1001-1500,PTM1096,PTM1096,gwsfn,P1511398
PTM1001-1500,PTM1096,PTM1096,gwsrx,P1511451
PTM1001-1500,PTM1096,PTM1096,gwsrx,P1511451
PTM1001-1500,PTM1096,PTM1096,psbaf,P1510893
PTM1001-1500,PTM1096,PTM1096,psbar2,P1511398
PTM1001-1500,PTM1096,PTM1096,psbar2,P1511448
PTM1001-1500,PTM1096,PTM1096,rbclrevnew,P1511391
PTM1001-1500,PTM1096,PTM1096,tlf5,P1511398
PTM1001-1500,PTM1096,PTM1096,tlr,P1511391
PTM1001-1500,PTM1097,PTM1097,psbaf,P1510893
PTM1001-1500,PTM1098,PTM1098,psbaf,P1510893
PTM1001-1500,PTM1099,PTM1099,psbaf,P1510893
PTM1001-1500,PTM1100,PTM1100,psbaf,P1510893
PTM1001-1500,PTM1101,PTM1101,psbaf,P1510893
PTM1001-1500,PTM1102,PTM1102,psbaf,P1510893
PTM1001-1500,PTM1103,PTM1103,psbaf,P1510893
PTM1001-1500,PTM1104,PTM1104,f57,P1511398
PTM1001-1500,PTM1104,PTM1104,gwsfn,P1511398
PTM1001-1500,PTM1104,PTM1104,gwsrx,P1511451
PTM1001-1500,PTM1104,PTM1104,gwsrx,P1511451
PTM1001-1500,PTM1104,PTM1104,psbaf,P1510893
PTM1001-1500,PTM1104,PTM1104,psbar2,P1511398
PTM1001-1500,PTM1104,PTM1104,rbclrevnew,P1511391
PTM1001-1500,PTM1104,PTM1104,rbclrevnew,P1511451
PTM1001-1500,PTM1104,PTM1104,rbclrevnew,P1511451
PTM1001-1500,PTM1104,PTM1104,tlf5,P1511398
PTM1001-1500,PTM1104,PTM1104,tlr,P1511391
PTM1001-1500,PTM1105,PTM1105,psbaf,P1510893
PTM1001-1500,PTM1107,PTM1107,psbaf,P1510893
PTM1001-1500,PTM1108,PTM1108,psbaf,P1510893
PTM1001-1500,PTM1109 (1),PTM1109,ef2l,P1511544
PTM1001-1500,PTM1109 (1),PTM1109,ef2l3,P1511544
PTM1001-1500,PTM1109 (1),PTM1109,ef2l4cor,P1511544
PTM1001-1500,PTM1109 (1),PTM1109,ef2r2,P1511544
PTM1001-1500,PTM1109 (1),PTM1109,ef2r3new,P1511544
PTM1001-1500,PTM1109 (1),PTM1109,ef2r4cor,P1511544
PTM1001-1500,PTM1109,PTM1109,f57,P1511398
PTM1001-1500,PTM1109,PTM1109,gwsfn,P1511451
PTM1001-1500,PTM1109,PTM1109,gwsfn,P1511451
PTM1001-1500,PTM1109,PTM1109,gwsrx,P1511451
PTM1001-1500,PTM1109,PTM1109,gwsrx,P1511451
PTM1001-1500,PTM1109,PTM1109,rbclrevnew,P1511391
PTM1001-1500,PTM1109,PTM1109,tlf5,P1511398
PTM1001-1500,PTM1109,PTM1109,tlr,P1511391
PTM1001-1500,PTM1109,PTM1109,tlr,P1511451
PTM1001-1500,PTM1109,PTM1109,tlr,P1511451
PTM1001-1500,PTM1111,PTM1111,f57,P1511398
PTM1001-1500,PTM1111,PTM1111,gwsfn,P1511398
PTM1001-1500,PTM1111,PTM1111,gwsrx,P1511451
PTM1001-1500,PTM1111,PTM1111,gwsrx,P1511451
PTM1001-1500,PTM1111,PTM1111,psbaf,P1510893
PTM1001-1500,PTM1111,PTM1111,psbar2,P1511448
PTM1001-1500,PTM1111,PTM1111,rbclrevnew,P1511391
PTM1001-1500,PTM1111,PTM1111,tlf5,P1511398
PTM1001-1500,PTM1111,PTM1111,tlr,P1511391
PTM1001-1500,PTM1112,PTM1112,psbaf,P1510893
PTM1001-1500,PTM1113,PTM1113,psbaf,P1510893
PTM1001-1500,PTM1114,PTM1114,psbaf,P1510893
PTM1001-1500,PTM1115,PTM1115,psbaf,P1510893
PTM1001-1500,PTM1116,PTM1116,psbaf,P1510893
PTM1001-1500,PTM1117,PTM1117,psbaf,P1510893
PTM1001-1500,PTM1118 (1),PTM1118,ef2l,P1511544
PTM1001-1500,PTM1118 (1),PTM1118,ef2l3,P1511544
PTM1001-1500,PTM1118 (1),PTM1118,ef2l3,P1511548
PTM1001-1500,PTM1118 (1),PTM1118,ef2l4cor,P1511544
PTM1001-1500,PTM1118 (1),PTM1118,ef2r2,P1511544
PTM1001-1500,PTM1118 (1),PTM1118,ef2r3new,P1511544
PTM1001-1500,PTM1118 (1),PTM1118,ef2r4cor,P1511544
PTM1001-1500,PTM1118,PTM1118,f57,P1511398
PTM1001-1500,PTM1118,PTM1118,gwsfn,P1511398
PTM1001-1500,PTM1118,PTM1118,gwsrx,P1511451
PTM1001-1500,PTM1118,PTM1118,gwsrx,P1511451
PTM1001-1500,PTM1118,PTM1118,psbaf,P1510893
PTM1001-1500,PTM1118,PTM1118,psbar2,P1511448
PTM1001-1500,PTM1118,PTM1118,psbar2,P1511456
PTM1001-1500,PTM1118,PTM1118,rbclrevnew,P1511391
PTM1001-1500,PTM1118,PTM1118,tlf5,P1511398
PTM1001-1500,PTM1118,PTM1118,tlr,P1511391
PTM1001-1500,PTM1118,PTM1118,tlr,P1511448
PTM1001-1500,PTM1119,PTM1119,psbaf,P1510893
PTM1001-1500,PTM1120,PTM1120,psbaf,P1510893
PTM1001-1500,PTM1122 (1),PTM1122,ef2l,P1511544
PTM1001-1500,PTM1122 (1),PTM1122,ef2l3,P1511544
PTM1001-1500,PTM1122 (1),PTM1122,ef2l4cor,P1511544
PTM1001-1500,PTM1122 (1),PTM1122,ef2l4cor,P1511548
PTM1001-1500,PTM1122 (1),PTM1122,ef2r2,P1511544
PTM1001-1500,PTM1122 (1),PTM1122,ef2r3new,P1511544
PTM1001-1500,PTM1122 (1),PTM1122,ef2r3new,P1511544
PTM1001-1500,PTM1122 (1),PTM1122,ef2r4cor,P1511544
PTM1001-1500,PTM1122 (1),PTM1122,ef2r4cor,P1511548
PTM1001-1500,PTM1122,PTM1122,f57,P1511398
PTM1001-1500,PTM1122,PTM1122,gwsfn,P1511451
PTM1001-1500,PTM1122,PTM1122,gwsfn,P1511451
PTM1001-1500,PTM1122,PTM1122,gwsrx,P1511451
PTM1001-1500,PTM1122,PTM1122,gwsrx,P1511451
PTM1001-1500,PTM1122,PTM1122,psbaf,P1510893
PTM1001-1500,PTM1122,PTM1122,psbaf,P1511398
PTM1001-1500,PTM1122,PTM1122,psbaf,P1511409
PTM1001-1500,PTM1122,PTM1122,psbar2,P1511398
PTM1001-1500,PTM1122,PTM1122,rbclrevnew,P1511391
PTM1001-1500,PTM1122,PTM1122,tlf5,P1511398
PTM1001-1500,PTM1122,PTM1122,tlr,P1511391
PTM1001-1500,PTM1124,PTM1124,f57,P1511398
PTM1001-1500,PTM1124,PTM1124,gwsfn,P1511398
PTM1001-1500,PTM1124,PTM1124,gwsrx,P1511451
PTM1001-1500,PTM1124,PTM1124,gwsrx,P1511451
PTM1001-1500,PTM1124,PTM1124,psbaf,P1510893
PTM1001-1500,PTM1124,PTM1124,psbar2,P1511448
PTM1001-1500,PTM1124,PTM1124,rbclrevnew,P1511391
PTM1001-1500,PTM1124,PTM1124,tlf5,P1511398
PTM1001-1500,PTM1124,PTM1124,tlf5,P1511448
PTM1001-1500,PTM1124,PTM1124,tlr,P1511391
PTM1001-1500,PTM1124,PTM1124,tlr,P1511448
PTM1001-1500,PTM1125,PTM1125,psbaf,P1510893
PTM1001-1500,PTM1126,PTM1126,psbaf,P1510893
PTM1001-1500,PTM1127,PTM1127,psbaf,P1510893
PTM1001-1500,PTM1128,PTM1128,psbaf,P1510893
PTM1001-1500,PTM1130 (1),PTM1130,g0,P1511622
PTM1001-1500,PTM1130 (1),PTM1130,g04,P1511622
PTM1001-1500,PTM1130 (1),PTM1130,g07,P1511613
PTM1001-1500,PTM1130 (1),PTM1130,g07,P1511617
PTM1001-1500,PTM1130 (1),PTM1130,g07,P1511617
PTM1001-1500,PTM1130 (1),PTM1130,g4,P1511622
PTM1001-1500,PTM1130,PTM1130,f57,P1511398
PTM1001-1500,PTM1130,PTM1130,gwsfn,P1511398
PTM1001-1500,PTM1130,PTM1130,gwsfn,P1511451
PTM1001-1500,PTM1130,PTM1130,gwsfn,P1511451
PTM1001-1500,PTM1130,PTM1130,gwsrx,P1511451
PTM1001-1500,PTM1130,PTM1130,gwsrx,P1511451
PTM1001-1500,PTM1130,PTM1130,psbaf,P1510893
PTM1001-1500,PTM1130,PTM1130,psbar2,P1511398
PTM1001-1500,PTM1130,PTM1130,psbar2,P1511448
PTM1001-1500,PTM1130,PTM1130,rbclrevnew,P1511391
PTM1001-1500,PTM1130,PTM1130,tlf5,P1511398
PTM1001-1500,PTM1130,PTM1130,tlr,P1511391
PTM1001-1500,PTM1131,PTM1131,psbaf,P1510893
PTM1001-1500,PTM1132,PTM1132,f57,P1511398
PTM1001-1500,PTM1132,PTM1132,gwsfn,P1511398
PTM1001-1500,PTM1132,PTM1132,gwsfn,P1511451
PTM1001-1500,PTM1132,PTM1132,gwsfn,P1511451
PTM1001-1500,PTM1132,PTM1132,gwsrx,P1511451
PTM1001-1500,PTM1132,PTM1132,gwsrx,P1511451
PTM1001-1500,PTM1132,PTM1132,psbaf,P1510893
PTM1001-1500,PTM1132,PTM1132,psbar2,P1511398
PTM1001-1500,PTM1132,PTM1132,rbclrevnew,P1511391
PTM1001-1500,PTM1132,PTM1132,tlf5,P1511398
PTM1001-1500,PTM1132,PTM1132,tlr,P1511391
PTM1001-1500,PTM1133,PTM1133,psbaf,P1510893
PTM1001-1500,PTM1134,PTM1134 (1)/PTM1134,g0,P1511622
PTM1001-1500,PTM1134,PTM1134 (1)/PTM1134,g04,P1511622
PTM1001-1500,PTM1134,PTM1134 (1)/PTM1134,g07,P1511617
PTM1001-1500,PTM1134,PTM1134 (1)/PTM1134,g07,P1511617
PTM1001-1500,PTM1134,PTM1134 (1)/PTM1134,g4,P1511622
PTM1001-1500,PTM1134,PTM1134,f57,P1511398
PTM1001-1500,PTM1134,PTM1134,gwsfn,P1511398
PTM1001-1500,PTM1134,PTM1134,gwsrx,P1511451
PTM1001-1500,PTM1134,PTM1134,gwsrx,P1511451
PTM1001-1500,PTM1134,PTM1134,psbaf,P1510893
PTM1001-1500,PTM1134,PTM1134,psbar2,P1511398
PTM1001-1500,PTM1134,PTM1134,rbclrevnew,P1511391
PTM1001-1500,PTM1134,PTM1134,tlf5,P1511398
PTM1001-1500,PTM1134,PTM1134,tlr,P1511391
PTM1001-1500,PTM1135,PTM1135,psbaf,P1510893
PTM1001-1500,PTM1136,PTM1136,psbaf,P1510893
PTM1001-1500,PTM1137,PTM1137,f57,P1511398
PTM1001-1500,PTM1137,PTM1137,gwsfn,P1511398
PTM1001-1500,PTM1137,PTM1137,gwsrx,P1511451
PTM1001-1500,PTM1137,PTM1137,gwsrx,P1511451
PTM1001-1500,PTM1137,PTM1137,psbaf,P1510893
PTM1001-1500,PTM1137,PTM1137,psbar2,P1511398
PTM1001-1500,PTM1137,PTM1137,rbclrevnew,P1511391
PTM1001-1500,PTM1137,PTM1137,tlf5,P1511398
PTM1001-1500,PTM1137,PTM1137,tlr,P1511391
PTM1001-1500,PTM1138,PTM1138,psbaf,P1510893
PTM1001-1500,PTM1139,PTM1139,psbaf,P1510893
PTM1001-1500,PTM1140,PTM1140,psbaf,P1511266
PTM1001-1500,PTM1141,PTM1141,psbaf,P1511266
PTM1001-1500,PTM1142,PTM1142,psbaf,P1511266
PTM1001-1500,PTM1143,PTM1143,psbaf,P1511266
PTM1001-1500,PTM1144,PTM1144,f57,P1511398
PTM1001-1500,PTM1144,PTM1144,gwsfn,P1511398
PTM1001-1500,PTM1144,PTM1144,gwsrx,P1511451
PTM1001-1500,PTM1144,PTM1144,gwsrx,P1511451
PTM1001-1500,PTM1144,PTM1144,psbaf,P1511266
PTM1001-1500,PTM1144,PTM1144,psbaf,P1511448
PTM1001-1500,PTM1144,PTM1144,psbaf,P1511456
PTM1001-1500,PTM1144,PTM1144,psbar2,P1511448
PTM1001-1500,PTM1144,PTM1144,rbclrevnew,P1511391
PTM1001-1500,PTM1144,PTM1144,tlf5,P1511398
PTM1001-1500,PTM1144,PTM1144,tlr,P1511391
PTM1001-1500,PTM1145,PTM1145,psbaf,P1511266
PTM1001-1500,PTM1146,PTM1146,psbaf,P1511266
PTM1001-1500,PTM1147,PTM1147,psbaf,P1511266
PTM1001-1500,PTM1148,PTM1148,psbaf,P1511266
PTM1001-1500,PTM1149,PTM1149,psbaf,P1511266
PTM1001-1500,PTM1150,PTM1150,f57,P1511398
PTM1001-1500,PTM1150,PTM1150,gwsfn,P1511398
PTM1001-1500,PTM1150,PTM1150,gwsrx,P1511451
PTM1001-1500,PTM1150,PTM1150,gwsrx,P1511451
PTM1001-1500,PTM1150,PTM1150,gwsrx,P1511460
PTM1001-1500,PTM1150,PTM1150,psbaf,P1511266
PTM1001-1500,PTM1150,PTM1150,psbar2,P1511448
PTM1001-1500,PTM1150,PTM1150,rbclrevnew,P1511391
PTM1001-1500,PTM1150,PTM1150,tlf5,P1511398
PTM1001-1500,PTM1150,PTM1150,tlr,P1511391
PTM1001-1500,PTM1151,PTM1151,psbaf,P1511266
PTM1001-1500,PTM1152,PTM1152,psbaf,P1511266
PTM1001-1500,PTM1153,PTM1153,psbaf,P1511266
PTM1001-1500,PTM1154,PTM1154,psbaf,P1511266
PTM1001-1500,PTM1155,PTM1155,psbaf,P1511266
PTM1001-1500,PTM1156,PTM1156,psbaf,P1511266
PTM1001-1500,PTM1157,PTM1157,psbaf,P1511266
PTM1001-1500,PTM1158,PTM1158,psbaf,P1511266
PTM1001-1500,PTM1159,PTM1159,psbaf,P1511266
PTM1001-1500,PTM1160,PTM1160,psbaf,P1511266
PTM1001-1500,PTM1161,PTM1161,psbaf,P1511266
PTM1001-1500,PTM1162,PTM1162,psbaf,P1511266
PTM1001-1500,PTM1164,PTM1164,psbaf,P1511266
PTM1001-1500,PTM1165,PTM1165,psbaf,P1511266
PTM1001-1500,PTM1166,PTM1166,psbaf,P1511266
PTM1001-1500,PTM1167,PTM1167,f57,P1613012
PTM1001-1500,PTM1167,PTM1167,g0,P1613012
PTM1001-1500,PTM1167,PTM1167,g04,P1613012
PTM1001-1500,PTM1167,PTM1167,g07,P1613012
PTM1001-1500,PTM1167,PTM1167,g4,P1613012
PTM1001-1500,PTM1167,PTM1167,psbaf,P1511266
PTM1001-1500,PTM1169,PTM1169,psbaf,P1511266
PTM1001-1500,PTM1170,PTM1170,psbaf,P1410302
PTM1001-1500,PTM1171,PTM1171,psbaf,P1410302
PTM1001-1500,PTM1173,PTM1173,psbaf,P1410302
PTM1001-1500,PTM1174,PTM1174,f57,P1410467
PTM1001-1500,PTM1174,PTM1174,gwsfn,P1410467
PTM1001-1500,PTM1174,PTM1174,gwsrx,P1410467
PTM1001-1500,PTM1174,PTM1174,psbaf,P1410302
PTM1001-1500,PTM1174,PTM1174,psbar2,P1410467
PTM1001-1500,PTM1174,PTM1174,rbclrevnew,P1410467
PTM1001-1500,PTM1174,PTM1174,tlf5,P1410467
PTM1001-1500,PTM1174,PTM1174,tlr,P1410467
PTM1001-1500,PTM1176,PTM1176,psbaf,P1410302
PTM1001-1500,PTM1177,PTM1177,m3f,P1511617
PTM1001-1500,PTM1177,PTM1177,m3f,P1511617
PTM1001-1500,PTM1178,PTM1178,psbaf,P1410302
PTM1001-1500,PTM1178,PTM1178,psbar2,P1410379
PTM1001-1500,PTM1179,PTM1179,f57,P1410467
PTM1001-1500,PTM1179,PTM1179,gwsfn,P1410467
PTM1001-1500,PTM1179,PTM1179,gwsrx,P1410467
PTM1001-1500,PTM1179,PTM1179,psbaf,P1410302
PTM1001-1500,PTM1179,PTM1179,psbar2,P1410467
PTM1001-1500,PTM1179,PTM1179,rbclrevnew,P1410467
PTM1001-1500,PTM1179,PTM1179,tlf5,P1410467
PTM1001-1500,PTM1179,PTM1179,tlr,P1410467
PTM1001-1500,PTM1180,PTM1180,psbaf,P1410302
PTM1001-1500,PTM1181,PTM1181,psbaf,P1410302
PTM1001-1500,PTM1182,PTM1182,psbaf,P1410302
PTM1001-1500,PTM1182,PTM1182,psbar2,P1410379
PTM1001-1500,PTM1183,PTM1183,psbaf,P1410302
PTM1001-1500,PTM1184,PTM1184,psbaf,P1410302
PTM1001-1500,PTM1185,PTM1185,m3f,P1511749
PTM1001-1500,PTM1185,PTM1185,m3f,P1511755
PTM1001-1500,PTM1186,PTM1186,psbaf,P1511398
PTM1001-1500,PTM1187,PTM1187,psbaf,P1511398
PTM1001-1500,PTM1188,PTM1188,psbaf,P1511398
PTM1001-1500,PTM1189,PTM1189,m3f,P1511617
PTM1001-1500,PTM1189,PTM1189,m3f,P1511617
PTM1001-1500,PTM1190,PTM1190,psbaf,P1511266
PTM1001-1500,PTM1191,PTM1191,psbaf,P1511398
PTM1001-1500,PTM1192,PTM1192 (1)/PTM1192,ef2l,P1511544
PTM1001-1500,PTM1192,PTM1192 (1)/PTM1192,ef2l3,P1511544
PTM1001-1500,PTM1192,PTM1192 (1)/PTM1192,ef2l4cor,P1511544
PTM1001-1500,PTM1192,PTM1192 (1)/PTM1192,ef2r2,P1511544
PTM1001-1500,PTM1192,PTM1192 (1)/PTM1192,ef2r4cor,P1511544
PTM1001-1500,PTM1192,PTM1192 (1)/PTM1192,g0,P1511622
PTM1001-1500,PTM1192,PTM1192 (1)/PTM1192,g04,P1511622
PTM1001-1500,PTM1192,PTM1192 (1)/PTM1192,g07,P1511617
PTM1001-1500,PTM1192,PTM1192 (1)/PTM1192,g07,P1511617
PTM1001-1500,PTM1192,PTM1192 (1)/PTM1192,g4,P1511622
PTM1001-1500,PTM1192,PTM1192,f57,P1511398
PTM1001-1500,PTM1192,PTM1192,gwsfn,P1511398
PTM1001-1500,PTM1192,PTM1192,gwsrx,P1511451
PTM1001-1500,PTM1192,PTM1192,gwsrx,P1511451
PTM1001-1500,PTM1192,PTM1192,psbaf,P1511266
PTM1001-1500,PTM1192,PTM1192,psbar2,P1511448
PTM1001-1500,PTM1192,PTM1192,rbclrevnew,P1511391
PTM1001-1500,PTM1192,PTM1192,tlf5,P1511398
PTM1001-1500,PTM1192,PTM1192,tlf5,P1511448
PTM1001-1500,PTM1192,PTM1192,tlr,P1511391
PTM1001-1500,PTM1193,PTM1193,psbaf,P1511266
PTM1001-1500,PTM1194,PTM1194,psbaf,P1511266
PTM1001-1500,PTM1195,PTM1195,psbaf,P1511266
PTM1001-1500,PTM1196,PTM1196,psbaf,P1511266
PTM1001-1500,PTM1199,PTM1199 (1)/PTM1199,ef2l,P1511544
PTM1001-1500,PTM1199,PTM1199 (1)/PTM1199,ef2l,P1511548
PTM1001-1500,PTM1199,PTM1199 (1)/PTM1199,ef2l3,P1511544
PTM1001-1500,PTM1199,PTM1199 (1)/PTM1199,ef2l4cor,P1511544
PTM1001-1500,PTM1199,PTM1199 (1)/PTM1199,ef2r2,P1511544
PTM1001-1500,PTM1199,PTM1199 (1)/PTM1199,ef2r3new,P1511544
PTM1001-1500,PTM1199,PTM1199 (1)/PTM1199,ef2r3new,P1511548
PTM1001-1500,PTM1199,PTM1199 (1)/PTM1199,ef2r4cor,P1511544
PTM1001-1500,PTM1199,PTM1199 (1)/PTM1199,g0,P1511622
PTM1001-1500,PTM1199,PTM1199 (1)/PTM1199,g04,P1511622
PTM1001-1500,PTM1199,PTM1199 (1)/PTM1199,g07,P1511617
PTM1001-1500,PTM1199,PTM1199 (1)/PTM1199,g07,P1511617
PTM1001-1500,PTM1199,PTM1199 (1)/PTM1199,g4,P1511622
PTM1001-1500,PTM1199,PTM1199,f57,P1511398
PTM1001-1500,PTM1199,PTM1199,g0,P1511622
PTM1001-1500,PTM1199,PTM1199,g04,P1511622
PTM1001-1500,PTM1199,PTM1199,g07,P1511617
PTM1001-1500,PTM1199,PTM1199,g4,P1511622
PTM1001-1500,PTM1199,PTM1199,gwsfn,P1511398
PTM1001-1500,PTM1199,PTM1199,gwsrx,P1511451
PTM1001-1500,PTM1199,PTM1199,gwsrx,P1511451
PTM1001-1500,PTM1199,PTM1199,psbaf,P1511266
PTM1001-1500,PTM1199,PTM1199,psbar2,P1511398
PTM1001-1500,PTM1199,PTM1199,rbclrevnew,P1511391
PTM1001-1500,PTM1199,PTM1199,rbclrevnew,P1511394
PTM1001-1500,PTM1199,PTM1199,tlf5,P1511398
PTM1001-1500,PTM1199,PTM1199,tlr,P1511391
PTM1001-1500,PTM1200,PTM1200,psbaf,P1511266
PTM1001-1500,PTM1201,PTM1201,psbaf,P1511266
PTM1001-1500,PTM1202,PTM1202,psbaf,P1511266
PTM1001-1500,PTM1203,PTM1203,f57,P1511451
PTM1001-1500,PTM1203,PTM1203,f57,P1511451
PTM1001-1500,PTM1203,PTM1203,gwsfn,P1511398
PTM1001-1500,PTM1203,PTM1203,gwsrx,P1511451
PTM1001-1500,PTM1203,PTM1203,gwsrx,P1511451
PTM1001-1500,PTM1203,PTM1203,psbaf,P1511266
PTM1001-1500,PTM1203,PTM1203,psbar2,P1511398
PTM1001-1500,PTM1203,PTM1203,rbclrevnew,P1511451
PTM1001-1500,PTM1203,PTM1203,rbclrevnew,P1511451
PTM1001-1500,PTM1203,PTM1203,tlf5,P1511448
PTM1001-1500,PTM1203,PTM1203,tlr,P1511448
PTM1001-1500,PTM1203,PTM1203,tlr,P1511456
PTM1001-1500,PTM1204,PTM1204,f57,P1511398
PTM1001-1500,PTM1204,PTM1204,gwsfn,P1511398
PTM1001-1500,PTM1204,PTM1204,gwsrx,P1511451
PTM1001-1500,PTM1204,PTM1204,gwsrx,P1511451
PTM1001-1500,PTM1204,PTM1204,psbaf,P1511266
PTM1001-1500,PTM1204,PTM1204,psbar2,P1511398
PTM1001-1500,PTM1204,PTM1204,rbclrevnew,P1511391
PTM1001-1500,PTM1204,PTM1204,tlf5,P1511398
PTM1001-1500,PTM1204,PTM1204,tlr,P1511391
PTM1001-1500,PTM1205,PTM1205,psbaf,P1511266
PTM1001-1500,PTM1206,PTM1206,psbaf,P1511266
PTM1001-1500,PTM1207,PTM1207,psbaf,P1511266
PTM1001-1500,PTM1208,PTM1208,psbaf,P1511266
PTM1001-1500,PTM1209,PTM1209,psbaf,P1511266
PTM1001-1500,PTM1210,PTM1210,psbaf,P1511266
PTM1001-1500,PTM1211,PTM1211,psbaf,P1511266
PTM1001-1500,PTM1213,PTM1213,psbaf,P1511266
PTM1001-1500,PTM1214,PTM1214,psbaf,P1511266
PTM1001-1500,PTM1215,PTM1215,psbaf,P1511266
PTM1001-1500,PTM1216,PTM1216,psbaf,P1511266
PTM1001-1500,PTM1217,PTM1217,psbaf,P1511266
PTM1001-1500,PTM1219,PTM1219,psbaf,P1511266
PTM1001-1500,PTM1220,PTM1220 (1)/PTM1220,g0,P1511622
PTM1001-1500,PTM1220,PTM1220 (1)/PTM1220,g04,P1511622
PTM1001-1500,PTM1220,PTM1220 (1)/PTM1220,g04,P1511640
PTM1001-1500,PTM1220,PTM1220 (1)/PTM1220,g07,P1511617
PTM1001-1500,PTM1220,PTM1220 (1)/PTM1220,g07,P1511617
PTM1001-1500,PTM1220,PTM1220 (1)/PTM1220,g4,P1511622
PTM1001-1500,PTM1220,PTM1220,f57,P1511398
PTM1001-1500,PTM1220,PTM1220,f57,P1511409
PTM1001-1500,PTM1220,PTM1220,f57,P1511451
PTM1001-1500,PTM1220,PTM1220,f57,P1511451
PTM1001-1500,PTM1220,PTM1220,gwsfn,P1511398
PTM1001-1500,PTM1220,PTM1220,gwsfn,P1511451
PTM1001-1500,PTM1220,PTM1220,gwsfn,P1511451
PTM1001-1500,PTM1220,PTM1220,gwsrx,P1511451
PTM1001-1500,PTM1220,PTM1220,gwsrx,P1511451
PTM1001-1500,PTM1220,PTM1220,psbaf,P1511266
PTM1001-1500,PTM1220,PTM1220,psbar2,P1511398
PTM1001-1500,PTM1220,PTM1220,rbclrevnew,P1511391
PTM1001-1500,PTM1220,PTM1220,tlf5,P1511398
PTM1001-1500,PTM1220,PTM1220,tlr,P1511391
PTM1001-1500,PTM1221,PTM1221,psbaf,P1511266
PTM1001-1500,PTM1222,PTM1222,psbaf,P1511266
PTM1001-1500,PTM1223,PTM1223,psbaf,P1511266
PTM1001-1500,PTM1224,PTM1224,psbaf,P1511266
PTM1001-1500,PTM1226,PTM1226,psbaf,P1511398
PTM1001-1500,PTM1227,PTM1227,psbaf,P1511398
PTM1001-1500,PTM1231,PTM1231,psbaf,P1410302
PTM1001-1500,PTM1232,PTM1232,psbaf,P1410302
PTM1001-1500,PTM1234,GWS1234,gwsfn,P1410379
PTM1001-1500,PTM1234,GWS1234,gwsrx,P1410379
PTM1001-1500,PTM1234,PTM1234,psbaf,P1410302
PTM1001-1500,PTM1234,PTM1234,psbar2,P1410379
PTM1001-1500,PTM1235,PTM1235,psbaf,P1410302
PTM1001-1500,PTM1235,PTM1235,psbar2,P1410379
PTM1001-1500,PTM1236,PTM1236,psbaf,P1410302
PTM1001-1500,PTM1237,PTM1237,psbaf,P1410302
PTM1001-1500,PTM1239,PTM1239,psbaf,P1410302
PTM1001-1500,PTM1241,PTM1241,psbaf,P1410302
PTM1001-1500,PTM1243,PTM1243,psbaf,P1410302
PTM1001-1500,PTM1244,PTM1244,psbaf,P1410302
PTM1001-1500,PTM1244,PTM1244,psbar2,P1410379
PTM1001-1500,PTM1245,PTM1245,psbaf,P1410302
PTM1001-1500,PTM1245,PTM1245,psbar2,P1410379
PTM1001-1500,PTM1246,PTM1246,psbaf,P1410750
PTM1001-1500,PTM1246,PTM1246,psbar2,P1510902
PTM1001-1500,PTM1247,PTM1247,psbaf,P1410750
PTM1001-1500,PTM1247,PTM1247,psbar2,P1510902
PTM1001-1500,PTM1248,PTM1248,psbaf,P1410750
PTM1001-1500,PTM1249,PTM1249,psbaf,P1410750
PTM1001-1500,PTM1249,PTM1249,psbar2,P1510902
PTM1001-1500,PTM1250,PTM1250,psbaf,P1410750
PTM1001-1500,PTM1250,PTM1250,psbar2,P1510902
PTM1001-1500,PTM1251,PTM1251,psbaf,P1410750
PTM1001-1500,PTM1252,PTM1252,psbaf,P1410750
PTM1001-1500,PTM1252,PTM1252,psbar2,P1510902
PTM1001-1500,PTM1253,PTM1253,psbaf,P1410750
PTM1001-1500,PTM1253,PTM1253,psbar2,P1510902
PTM1001-1500,PTM1253,PTM1253,psbar2,P1510923
PTM1001-1500,PTM1254,PTM1254,psbaf,P1410750
PTM1001-1500,PTM1254,PTM1254,psbar2,P1510902
PTM1001-1500,PTM1255,PTM1255,psbaf,P1410750
PTM1001-1500,PTM1255,PTM1255,psbar2,P1510902
PTM1001-1500,PTM1256,PTM1256,psbaf,P1410750
PTM1001-1500,PTM1256,PTM1256,psbar2,P1510902
PTM1001-1500,PTM1257,PTM1257,psbar2,P1510902
PTM1001-1500,PTM1258,PTM1258,psbaf,P1410750
PTM1001-1500,PTM1258,PTM1258,psbar2,P1510902
PTM1001-1500,PTM1259,PTM1259,psbaf,P1410750
PTM1001-1500,PTM1259,PTM1259,psbar2,P1510902
PTM1001-1500,PTM1260,PTM1260,psbaf,P1410750
PTM1001-1500,PTM1260,PTM1260,psbar2,P1510902
PTM1001-1500,PTM1261,PTM1261,psbaf,P1410750
PTM1001-1500,PTM1261,PTM1261,psbar2,P1510902
PTM1001-1500,PTM1262,PTM1262,psbaf,P1410750
PTM1001-1500,PTM1262,PTM1262,psbar2,P1510902
PTM1001-1500,PTM1263,PTM1263,psbaf,P1410750
PTM1001-1500,PTM1263,PTM1263,psbar2,P1510902
PTM1001-1500,PTM1264,PTM1264,psbaf,P1410750
PTM1001-1500,PTM1264,PTM1264,psbar2,P1510902
PTM1001-1500,PTM1264,PTM1264,psbar2,P1510923
PTM1001-1500,PTM1265,PTM1265,psbaf,P1410750
PTM1001-1500,PTM1265,PTM1265,psbar2,P1510902
PTM1001-1500,PTM1266,PTM1266,psbaf,P1410750
PTM1001-1500,PTM1266,PTM1266,psbar2,P1510902
PTM1001-1500,PTM1267,PTM1267,psbar2,P1510902
PTM1001-1500,PTM1268,PTM1268,psbaf,P1410750
PTM1001-1500,PTM1268,PTM1268,psbar2,P1510902
PTM1001-1500,PTM1269,PTM1269,psbaf,P1410750
PTM1001-1500,PTM1269,PTM1269,psbar2,P1510902
PTM1001-1500,PTM1269,PTM1269,psbar2,P1510923
PTM1001-1500,PTM1270,PTM1270,psbaf,P1410750
PTM1001-1500,PTM1270,PTM1270,psbar2,P1510902
PTM1001-1500,PTM1271,PTM1271,psbaf,P1410750
PTM1001-1500,PTM1271,PTM1271,psbar2,P1510893
PTM1001-1500,PTM1272,PTM1272,psbaf,P1410750
PTM1001-1500,PTM1272,PTM1272,psbar2,P1510893
PTM1001-1500,PTM1273,PTM1273,psbaf,P1410750
PTM1001-1500,PTM1273,PTM1273,psbar2,P1510893
PTM1001-1500,PTM1274,PTM1274,psbaf,P1410750
PTM1001-1500,PTM1275,PTM1275,psbaf,P1410750
PTM1001-1500,PTM1276,PTM1276,psbaf,P1410750
PTM1001-1500,PTM1277,PTM1277,psbaf,P1410750
PTM1001-1500,PTM1277,PTM1277,psbar2,P1510893
PTM1001-1500,PTM1278,PTM1278,psbaf,P1410750
PTM1001-1500,PTM1278,PTM1278,psbar2,P1510893
PTM1001-1500,PTM1279,PTM1279,psbaf,P1410750
PTM1001-1500,PTM1279,PTM1279,psbar2,P1510893
PTM1001-1500,PTM1280,PTM1280,psbaf,P1410750
PTM1001-1500,PTM1280,PTM1280,psbar2,P1510893
PTM1001-1500,PTM1281,PTM1281,psbaf,P1410750
PTM1001-1500,PTM1281,PTM1281,psbar2,P1510893
PTM1001-1500,PTM1282,PTM1282,psbaf,P1410750
PTM1001-1500,PTM1282,PTM1282,psbar2,P1510893
PTM1001-1500,PTM1283,PTM1283,psbar2,P1510893
PTM1001-1500,PTM1284,PTM1284,psbaf,P1410750
PTM1001-1500,PTM1284,PTM1284,psbaf,P1410765
PTM1001-1500,PTM1284,PTM1284,psbar2,P1510893
PTM1001-1500,PTM1284,PTM1284,psbar2,P1510922
PTM1001-1500,PTM1285,PTM1285,psbaf,P1410750
PTM1001-1500,PTM1285,PTM1285,psbar2,P1510893
PTM1001-1500,PTM1286,PTM1286,psbar2,P1510893
PTM1001-1500,PTM1287,PTM1287,psbaf,P1410750
PTM1001-1500,PTM1287,PTM1287,psbar2,P1510893
PTM1001-1500,PTM1289,PTM1289,psbaf,P1410750
PTM1001-1500,PTM1289,PTM1289,psbar2,P1510893
PTM1001-1500,PTM1290 (1),PTM1290,gwsfn,P1511749
PTM1001-1500,PTM1290 (1),PTM1290,gwsrx,P1511749
PTM1001-1500,PTM1290,PTM1290,psbaf,P1410750
PTM1001-1500,PTM1290,PTM1290,psbar2,P1510893
PTM1001-1500,PTM1291,PTM1291,psbaf,P1410750
PTM1001-1500,PTM1292 (1),PTM1292,gwsfn,P1511749
PTM1001-1500,PTM1292 (1),PTM1292,gwsrx,P1511749
PTM1001-1500,PTM1292,PTM1292,psbaf,P1410750
PTM1001-1500,PTM1292,PTM1292,psbar2,P1510893
PTM1001-1500,PTM1293,PTM1293,psbaf,P1410750
PTM1001-1500,PTM1293,PTM1293,psbar2,P1510893
PTM1001-1500,PTM1299,PTM1299,f57,P1511617
PTM1001-1500,PTM1299,PTM1299,f57,P1511617
PTM1001-1500,PTM1299,PTM1299,rbclrevnew,P1511617
PTM1001-1500,PTM1299,PTM1299,rbclrevnew,P1511617
PTM1001-1500,PTM1299,PTM1299,tlf5,P1511617
PTM1001-1500,PTM1299,PTM1299,tlf5,P1511617
PTM1001-1500,PTM1299,PTM1299,tlr,P1511617
PTM1001-1500,PTM1299,PTM1299,tlr,P1511617
PTM1001-1500,PTM1379,PTM1379,m3f,P1511749
PTM1001-1500,PTM1380,PTM1380,m3f,P1511749
PTM1001-1500,PTM1381,PTM1381,m3f,P1511749
PTM1001-1500,PTM1382,PTM1382,m3f,P1511749
PTM1001-1500,PTM1383,PTM1383,m3f,P1511749
PTM1001-1500,PTM1384,PTM1384,m3f,P1511749
PTM1001-1500,PTM1385,PTM1385,m3f,P1511749
PTM1001-1500,PTM1386,PTM1386,m3f,P1511749
PTM1001-1500,PTM1387,PTM1387,m3f,P1511749
PTM1001-1500,PTM1388,PTM1388,m3f,P1511749
PTM1001-1500,PTM1389,PTM1389,m3f,P1511749
PTM1001-1500,PTM1390,PTM1390,m3f,P1511749
PTM1001-1500,PTM1399,PTM1399,m3f,P1511782
PTM1001-1500,PTM1399,PTM1399,m3f,P1511782
PTM1001-1500,PTM1401,PTM1401,m3f,P1511782
PTM1001-1500,PTM1401,PTM1401,m3f,P1511782
PTM1001-1500,PTM1402,PTM1402,m3f,P1511782
PTM1001-1500,PTM1402,PTM1402,m3f,P1511782
PTM1001-1500,PTM1403,PTM1403,m3f,P1511782
PTM1001-1500,PTM1403,PTM1403,m3f,P1511782
PTM1001-1500,PTM1404,PTM1404,m3f,P1511782
PTM1001-1500,PTM1404,PTM1404,m3f,P1511782
PTM1001-1500,PTM1405,PTM1405,m3f,P1511782
PTM1001-1500,PTM1405,PTM1405,m3f,P1511782
PTM1001-1500,PTM1406,PTM1406,m3f,P1511782
PTM1001-1500,PTM1406,PTM1406,m3f,P1511782
PTM1001-1500,PTM1407,PTM1407,m3f,P1511782
PTM1001-1500,PTM1407,PTM1407,m3f,P1511782
PTM1001-1500,PTM1408,PTM1408,m3f,P1511782
PTM1001-1500,PTM1408,PTM1408,m3f,P1511782
PTM1001-1500,PTM1409,PTM1409,m3f,P1511782
PTM1001-1500,PTM1409,PTM1409,m3f,P1511782
PTM1001-1500,PTM1410,PTM1410,m3f,P1511782
PTM1001-1500,PTM1410,PTM1410,m3f,P1511782
PTM1001-1500,PTM1411,PTM1411,m3f,P1511782
PTM1001-1500,PTM1411,PTM1411,m3f,P1511782
PTM1001-1500,PTM1412,PTM1412,m3f,P1511782
PTM1001-1500,PTM1412,PTM1412,m3f,P1511782
PTM1001-1500,PTM1413,PTM1413,m3f,P1511782
PTM1001-1500,PTM1413,PTM1413,m3f,P1511782
PTM1001-1500,PTM1414,PTM1414,m3f,P1511782
PTM1001-1500,PTM1414,PTM1414,m3f,P1511782
PTM1001-1500,PTM1416,PTM1416,m3f,P1511782
PTM1001-1500,PTM1416,PTM1416,m3f,P1511782
PTM1001-1500,PTM1417,PTM1417,m3f,P1511782
PTM1001-1500,PTM1417,PTM1417,m3f,P1511782
PTM1001-1500,PTM1418,PTM1418,m3f,P1511782
PTM1001-1500,PTM1418,PTM1418,m3f,P1511782
PTM1001-1500,PTM1419,PTM1419,m3f,P1511782
PTM1001-1500,PTM1419,PTM1419,m3f,P1511782
PTM1001-1500,PTM1420,PTM1420,m3f,P1511782
PTM1001-1500,PTM1420,PTM1420,m3f,P1511782
PTM1001-1500,PTM1421,PTM1421,m3f,P1511782
PTM1001-1500,PTM1421,PTM1421,m3f,P1511782
PTM1001-1500,PTM1423,PTM1423,m3f,P1511782
PTM1001-1500,PTM1423,PTM1423,m3f,P1511782
PTM1001-1500,PTM1424,PTM1424,m3f,P1511782
PTM1001-1500,PTM1424,PTM1424,m3f,P1511782
PTM1001-1500,PTM1425,PTM1425,m3f,P1511782
PTM1001-1500,PTM1425,PTM1425,m3f,P1511782
PTM1001-1500,PTM1426,PTM1426,m3f,P1511782
PTM1001-1500,PTM1426,PTM1426,m3f,P1511782
PTM1001-1500,PTM1429,PTM1429,m3f,P1511782
PTM1001-1500,PTM1429,PTM1429,m3f,P1511782
PTM1001-1500,PTM1430,PTM1430,m3f,P1511782
PTM1001-1500,PTM1430,PTM1430,m3f,P1511782
PTM1001-1500,PTM1436,PTM1436,m3f,P1511782
PTM1001-1500,PTM1436,PTM1436,m3f,P1511782
PTM1001-1500,PTM1437,PTM1437,m3f,P1511782
PTM1001-1500,PTM1437,PTM1437,m3f,P1511782
PTM1001-1500,PTM1438,PTM1438,m3f,P1511782
PTM1001-1500,PTM1438,PTM1438,m3f,P1511782
PTM1001-1500,PTM1439,PTM1439,m3f,P1511782
PTM1001-1500,PTM1439,PTM1439,m3f,P1511782
PTM1001-1500,PTM1440,PTM1440,m3f,P1511782
PTM1001-1500,PTM1440,PTM1440,m3f,P1511782
PTM1001-1500,PTM1441,PTM1441,m3f,P1511782
PTM1001-1500,PTM1441,PTM1441,m3f,P1511782
PTM1001-1500,PTM1442,PTM1442,m3f,P1511782
PTM1001-1500,PTM1442,PTM1442,m3f,P1511782
PTM1001-1500,PTM1443,PTM1443,m3f,P1511782
PTM1001-1500,PTM1443,PTM1443,m3f,P1511782
PTM1001-1500,PTM1444,PTM1444,m3f,P1511749
PTM1001-1500,PTM1444,PTM1444,m3f,P1511755
PTM1001-1500,PTM1445,PTM1445,m3f,P1511782
PTM1001-1500,PTM1445,PTM1445,m3f,P1511782
PTM1001-1500,PTM1446,PTM1446,m3f,P1511782
PTM1001-1500,PTM1446,PTM1446,m3f,P1511782
PTM1001-1500,PTM1449,PTM1449,m3f,P1511782
PTM1001-1500,PTM1449,PTM1449,m3f,P1511782
PTM1001-1500,PTM1451,PTM1451,m3f,P1511782
PTM1001-1500,PTM1451,PTM1451,m3f,P1511782
PTM1001-1500,PTM1453,PTM1453,m3f,P1511782
PTM1001-1500,PTM1453,PTM1453,m3f,P1511782
PTM1001-1500,PTM1454,PTM1454,m3f,P1511782
PTM1001-1500,PTM1454,PTM1454,m3f,P1511782
PTM1001-1500,PTM1455,PTM1455,m3f,P1511782
PTM1001-1500,PTM1455,PTM1455,m3f,P1511782
PTM1001-1500,PTM1456,PTM1456,m3f,P1511782
PTM1001-1500,PTM1456,PTM1456,m3f,P1511782
PTM1001-1500,PTM1457,PTM1457,m3f,P1511782
PTM1001-1500,PTM1457,PTM1457,m3f,P1511782
PTM1001-1500,PTM1458,PTM1458,m3f,P1511749
PTM1001-1500,PTM1458,PTM1458,m3f,P1511755
PTM1001-1500,PTM1459,PTM1459,m3f,P1511782
PTM1001-1500,PTM1459,PTM1459,m3f,P1511782
PTM1001-1500,PTM1460,PTM1460,m3f,P1511782
PTM1001-1500,PTM1460,PTM1460,m3f,P1511782
PTM1001-1500,PTM1461,PTM1461,m3f,P1511749
PTM1001-1500,PTM1464,PTM1464,m3f,P1511782
PTM1001-1500,PTM1464,PTM1464,m3f,P1511782
PTM1001-1500,PTM1465,PTM1465,m3f,P1511782
PTM1001-1500,PTM1465,PTM1465,m3f,P1511782
PTM1001-1500,PTM1466,PTM1466,m3f,P1511782
PTM1001-1500,PTM1466,PTM1466,m3f,P1511782
PTM1001-1500,PTM1467,PTM1467,m3f,P1511782
PTM1001-1500,PTM1467,PTM1467,m3f,P1511782
PTM1001-1500,PTM1468,PTM1468,m3f,P1511782
PTM1001-1500,PTM1468,PTM1468,m3f,P1511782
PTM1001-1500,PTM1469,PTM1469,m3f,P1511749
PTM1001-1500,PTM1471,PTM1471,m3f,P1511782
PTM1001-1500,PTM1471,PTM1471,m3f,P1511782
PTM1001-1500,PTM1472,PTM1472,m3f,P1511782
PTM1001-1500,PTM1472,PTM1472,m3f,P1511782
PTM1001-1500,PTM1475,PTM1475,m3f,P1511782
PTM1001-1500,PTM1475,PTM1475,m3f,P1511782
PTM1001-1500,PTM1476,PTM1476,m3f,P1511782
PTM1001-1500,PTM1476,PTM1476,m3f,P1511782
PTM1001-1500,PTM1478,PTM1478,m3f,P1511782
PTM1001-1500,PTM1478,PTM1478,m3f,P1511782
PTM1001-1500,PTM1479,PTM1479,m3f,P1511782
PTM1001-1500,PTM1479,PTM1479,m3f,P1511782
PTM1001-1500,PTM1480,PTM1480,m3f,P1511782
PTM1001-1500,PTM1480,PTM1480,m3f,P1511782
PTM1001-1500,PTM1481,PTM1481,m3f,P1511782
PTM1001-1500,PTM1481,PTM1481,m3f,P1511782
PTM1001-1500,PTM1482,PTM1482,m3f,P1511782
PTM1001-1500,PTM1482,PTM1482,m3f,P1511782
PTM1001-1500,PTM1483,PTM1483,m3f,P1511782
PTM1001-1500,PTM1483,PTM1483,m3f,P1511782
PTM1001-1500,PTM1484,PTM1484,m3f,P1511749
PTM1001-1500,PTM1487,PTM1487,m3f,P1511782
PTM1001-1500,PTM1487,PTM1487,m3f,P1511782
PTM1001-1500,PTM1488,PTM1488,m3f,P1511782
PTM1001-1500,PTM1488,PTM1488,m3f,P1511782
PTM1001-1500,PTM1489,PTM1489,m3f,P1511782
PTM1001-1500,PTM1489,PTM1489,m3f,P1511782
PTM1001-1500,PTM1490,PTM1490,m3f,P1511782
PTM1001-1500,PTM1490,PTM1490,m3f,P1511782
PTM1001-1500,PTM1492,PTM1492,m3f,P1511782
PTM1001-1500,PTM1492,PTM1492,m3f,P1511782
PTM1001-1500,PTM1495,PTM1495,m3f,P1511782
PTM1001-1500,PTM1495,PTM1495,m3f,P1511782
PTM1001-1500,PTM1496,PTM1496,m3f,P1511782
PTM1001-1500,PTM1496,PTM1496,m3f,P1511782
PTM1001-1500,PTM1498,PTM1498,m3f,P1511782
PTM1001-1500,PTM1498,PTM1498,m3f,P1511782
PTM1001-1500,PTM1499,PTM1499,m3f,P1511782
PTM1001-1500,PTM1499,PTM1499,m3f,P1511782
PTM1001-1500,PTM1500,PTM1500,m3f,P1511782
PTM1001-1500,PTM1500,PTM1500,m3f,P1511782
